{
    "archery.json": [
        [
            "bow",
            27
        ],
        [
            "a",
            22
        ],
        [
            "to",
            21
        ],
        [
            "the",
            20
        ],
        [
            "i",
            17
        ],
        [
            "for",
            14
        ],
        [
            "archery",
            13
        ],
        [
            "is",
            13
        ],
        [
            "of",
            12
        ],
        [
            "this",
            11
        ]
    ],
    "baking.json": [
        [
            "the",
            20
        ],
        [
            "cake",
            18
        ],
        [
            "a",
            17
        ],
        [
            "i",
            17
        ],
        [
            "to",
            13
        ],
        [
            "my",
            13
        ],
        [
            "with",
            11
        ],
        [
            "for",
            11
        ],
        [
            "time",
            10
        ],
        [
            "this",
            10
        ]
    ],
    "blacksmithing.json": [
        [
            "a",
            30
        ],
        [
            "for",
            19
        ],
        [
            "the",
            19
        ],
        [
            "this",
            19
        ],
        [
            "and",
            18
        ],
        [
            "to",
            18
        ],
        [
            "anvil",
            18
        ],
        [
            "i",
            16
        ],
        [
            "of",
            15
        ],
        [
            "my",
            11
        ]
    ],
    "fencing.json": [
        [
            "a",
            23
        ],
        [
            "fencing",
            22
        ],
        [
            "for",
            16
        ],
        [
            "the",
            16
        ],
        [
            "to",
            16
        ],
        [
            "and",
            14
        ],
        [
            "of",
            9
        ],
        [
            "how",
            9
        ],
        [
            "epee",
            8
        ],
        [
            "sabre",
            7
        ]
    ],
    "gameOfThrones.json": [
        [
            "the",
            47
        ],
        [
            "of",
            20
        ],
        [
            "and",
            17
        ],
        [
            "in",
            16
        ],
        [
            "is",
            13
        ],
        [
            "a",
            12
        ],
        [
            "what",
            12
        ],
        [
            "you",
            11
        ],
        [
            "i",
            10
        ],
        [
            "to",
            10
        ]
    ],
    "minecraft.json": [
        [
            "i",
            29
        ],
        [
            "the",
            24
        ],
        [
            "to",
            20
        ],
        [
            "in",
            19
        ],
        [
            "a",
            15
        ],
        [
            "minecraft",
            15
        ],
        [
            "my",
            14
        ],
        [
            "this",
            13
        ],
        [
            "of",
            12
        ],
        [
            "can",
            9
        ]
    ]
}