{
    "archery.json": [
        [
            "bow",
            27
        ],
        [
            "archery",
            13
        ],
        [
            "recurve",
            6
        ],
        [
            "arrows",
            6
        ],
        [
            "draw",
            5
        ],
        [
            "new",
            4
        ],
        [
            "compound",
            4
        ],
        [
            "question",
            4
        ],
        [
            "beginner",
            4
        ],
        [
            "recommendations",
            4
        ]
    ],
    "baking.json": [
        [
            "cake",
            18
        ],
        [
            "time",
            10
        ],
        [
            "first",
            9
        ],
        [
            "chocolate",
            9
        ],
        [
            "making",
            8
        ],
        [
            "recipe",
            8
        ],
        [
            "cookies",
            8
        ],
        [
            "made",
            7
        ],
        [
            "help",
            7
        ],
        [
            "make",
            4
        ]
    ],
    "blacksmithing.json": [
        [
            "anvil",
            18
        ],
        [
            "forge",
            9
        ],
        [
            "help",
            9
        ],
        [
            "first",
            8
        ],
        [
            "steel",
            8
        ],
        [
            "made",
            6
        ],
        [
            "hammer",
            6
        ],
        [
            "coal",
            5
        ],
        [
            "need",
            5
        ],
        [
            "blade",
            5
        ]
    ],
    "fencing.json": [
        [
            "fencing",
            22
        ],
        [
            "epee",
            8
        ],
        [
            "sabre",
            7
        ],
        [
            "blade",
            6
        ],
        [
            "foil",
            6
        ],
        [
            "mask",
            6
        ],
        [
            "fencer",
            5
        ],
        [
            "touch",
            5
        ],
        [
            "vs",
            5
        ],
        [
            "every",
            4
        ]
    ],
    "gameOfThrones.json": [
        [
            "would",
            9
        ],
        [
            "show",
            8
        ],
        [
            "got",
            7
        ],
        [
            "think",
            7
        ],
        [
            "season",
            7
        ],
        [
            "arya",
            6
        ],
        [
            "stark",
            6
        ],
        [
            "vs",
            5
        ],
        [
            "never",
            4
        ],
        [
            "game",
            3
        ]
    ],
    "minecraft.json": [
        [
            "minecraft",
            15
        ],
        [
            "world",
            7
        ],
        [
            "help",
            6
        ],
        [
            "mod",
            5
        ],
        [
            "first",
            4
        ],
        [
            "time",
            4
        ],
        [
            "play",
            4
        ],
        [
            "know",
            3
        ],
        [
            "name",
            3
        ],
        [
            "texture",
            3
        ]
    ]
}