{
    "archery.json": [
        [
            "bow",
            48.377505669157486
        ],
        [
            "archery",
            23.292873099964716
        ],
        [
            "recurve",
            10.75055681536833
        ],
        [
            "arrows",
            10.75055681536833
        ],
        [
            "draw",
            8.958797346140274
        ],
        [
            "compound",
            7.16703787691222
        ],
        [
            "recommendations",
            7.16703787691222
        ],
        [
            "shooting",
            7.16703787691222
        ],
        [
            "arrow",
            5.375278407684165
        ],
        [
            "barebow",
            5.375278407684165
        ]
    ],
    "baking.json": [
        [
            "cake",
            19.775021196025975
        ],
        [
            "chocolate",
            16.125835223052494
        ],
        [
            "recipe",
            14.33407575382444
        ],
        [
            "cookies",
            14.33407575382444
        ],
        [
            "bread",
            7.16703787691222
        ],
        [
            "pumpkin",
            7.16703787691222
        ],
        [
            "rolls",
            7.16703787691222
        ],
        [
            "baking",
            7.16703787691222
        ],
        [
            "recipes",
            5.375278407684165
        ],
        [
            "pan",
            5.375278407684165
        ]
    ],
    "blacksmithing.json": [
        [
            "anvil",
            32.25167044610499
        ],
        [
            "forge",
            16.125835223052494
        ],
        [
            "steel",
            14.33407575382444
        ],
        [
            "hammer",
            10.75055681536833
        ],
        [
            "coal",
            8.958797346140274
        ],
        [
            "info",
            7.16703787691222
        ],
        [
            "copper",
            7.16703787691222
        ],
        [
            "blade",
            5.493061443340549
        ],
        [
            "stand",
            5.493061443340549
        ],
        [
            "bought",
            5.375278407684165
        ]
    ],
    "fencing.json": [
        [
            "fencing",
            39.418708323017206
        ],
        [
            "epee",
            14.33407575382444
        ],
        [
            "foil",
            10.75055681536833
        ],
        [
            "mask",
            10.75055681536833
        ],
        [
            "fencer",
            8.958797346140274
        ],
        [
            "touch",
            8.958797346140274
        ],
        [
            "sabre",
            7.690286020676768
        ],
        [
            "fie",
            7.16703787691222
        ],
        [
            "shoes",
            7.16703787691222
        ],
        [
            "blade",
            6.591673732008658
        ]
    ],
    "gameOfThrones.json": [
        [
            "show",
            14.33407575382444
        ],
        [
            "arya",
            10.75055681536833
        ],
        [
            "stark",
            10.75055681536833
        ],
        [
            "he",
            6.591673732008658
        ],
        [
            "his",
            5.493061443340549
        ],
        [
            "thrones",
            5.375278407684165
        ],
        [
            "wins",
            5.375278407684165
        ],
        [
            "grrm",
            5.375278407684165
        ],
        [
            "catelyn",
            5.375278407684165
        ],
        [
            "robert",
            5.375278407684165
        ]
    ],
    "minecraft.json": [
        [
            "minecraft",
            26.876392038420825
        ],
        [
            "mod",
            8.958797346140274
        ],
        [
            "world",
            7.690286020676768
        ],
        [
            "name",
            5.375278407684165
        ],
        [
            "texture",
            5.375278407684165
        ],
        [
            "pack",
            5.375278407684165
        ],
        [
            "server",
            5.375278407684165
        ],
        [
            "play",
            4.394449154672439
        ],
        [
            "farm",
            3.58351893845611
        ],
        [
            "tabbed",
            3.58351893845611
        ]
    ]
}